<?xml version="1.0" encoding="UTF-8"?>
<beans xmlns="http://www.springframework.org/schema/beans"
	xmlns:xsi="http://www.w3.org/2001/XMLSchema-instance" xmlns:p="http://www.springframework.org/schema/p"
	xmlns:context="http://www.springframework.org/schema/context"
	xmlns:mvc="http://www.springframework.org/schema/mvc" xmlns:task="http://www.springframework.org/schema/task"
	xsi:schemaLocation="
        http://www.springframework.org/schema/beans 
        http://www.springframework.org/schema/beans/spring-beans.xsd 
        http://www.springframework.org/schema/context 
        http://www.springframework.org/schema/context/spring-context.xsd 
        http://www.springframework.org/schema/mvc 
        http://www.springframework.org/schema/mvc/spring-mvc.xsd 
        http://www.springframework.org/schema/task 
        http://www.springframework.org/schema/task/spring-task.xsd">
	<!-- 扫描路径 -->
	<context:component-scan base-package="com.evmtv.*">
		<context:include-filter type="annotation"
			expression="org.springframework.stereotype.Controller" />
	</context:component-scan>

	<!-- 这个标签注册了Spring MVC分发请求到控制器所必须的DefaultAnnotationHandlerMapping和AnnotationMethodHandlerAdapter实例 -->
	<mvc:annotation-driven />

	<!-- 该标签过滤掉 静态资源的请求 必须为WEBAPP目录 <mvc:default-servlet-handler /> <mvc:resources 
		mapping="/resources/**" location="/WEB-INF/resources/*" /> -->

	<!-- 视图层配置 -->

	<bean
		class="org.springframework.web.servlet.view.InternalResourceViewResolver">
		<property name="prefix" value="/WEB-INF/pages/" />
		<property name="suffix" value=".jsp" />
		<property name="requestContextAttribute" value="rc" />
	</bean>
	<!-- spring上传 -->
	<bean id="multipartResolver"
		class="org.springframework.web.multipart.commons.CommonsMultipartResolver">
		<property name="maxUploadSize" value="504857600000" />
	</bean>

	<!-- 定时任务 -->
	<!--<task:annotation-driven scheduler="myScheduler"/> -->
	<!--<task:scheduler id="myScheduler"/> -->
</beans>